{"polyLines":[[{"x":-271.8,"y":-39.600006},{"x":142.2,"y":-68.4}]],"apples":[],"killers":[],"start":{"x":-200.39993,"y":43.400017},"finish":{"x":72.400024,"y":25.599972}}