{"polyLines":[[{"x":-230.4,"y":-64.8},{"x":183.59999,"y":-95.399994}]],"apples":[],"killers":[],"start":{"x":-160.79999,"y":57.80001},"finish":{"x":166,"y":12.999985}}